source,field_name,kpi_type,value,unit,computed_at
reddit,ALL,volume,228.0,count,2026-05-30T01:18:01.379010
reddit,post_id,null_rate,0.0,percentage,2026-05-30T01:18:01.379010
reddit,title,null_rate,0.0,percentage,2026-05-30T01:18:01.379010
reddit,score,null_rate,0.0,percentage,2026-05-30T01:18:01.379010
reddit,raw_comment_id,null_rate,0.0,percentage,2026-05-30T01:18:01.379010
reddit,raw_comment,null_rate,0.0,percentage,2026-05-30T01:18:01.379010
reddit,clean_comment,null_rate,0.0,percentage,2026-05-30T01:18:01.379010
reddit,tokens,null_rate,0.0,percentage,2026-05-30T01:18:01.379010
reddit,comment_type,null_rate,0.0,percentage,2026-05-30T01:18:01.379010
reddit,confidence,null_rate,0.0,percentage,2026-05-30T01:18:01.379010
reddit,has_music_pattern,null_rate,0.0,percentage,2026-05-30T01:18:01.379010
reddit,pattern_type,null_rate,0.0,percentage,2026-05-30T01:18:01.379010
reddit,has_contrast,null_rate,0.0,percentage,2026-05-30T01:18:01.379010
reddit,word_count,null_rate,0.0,percentage,2026-05-30T01:18:01.379010
reddit,word_count_capped,null_rate,0.0,percentage,2026-05-30T01:18:01.379010
reddit,score_capped,null_rate,0.0,percentage,2026-05-30T01:18:01.379010
reddit,artist,null_rate,0.0,percentage,2026-05-30T01:18:01.379010
reddit,song,null_rate,0.0,percentage,2026-05-30T01:18:01.379010
reddit,extract_confidence,null_rate,0.0,percentage,2026-05-30T01:18:01.379010
reddit,ingested_at,null_rate,0.0,percentage,2026-05-30T01:18:01.379010
reddit,ALL,schema_compliance,100.0,percentage,2026-05-30T01:18:01.379010
reddit,word_count,outlier_rate,6.1404,percentage,2026-05-30T01:18:01.379010
reddit,score,outlier_rate,17.9825,percentage,2026-05-30T01:18:01.379010
reddit,confidence,outlier_rate,0.0,percentage,2026-05-30T01:18:01.379010
reddit,extract_confidence,outlier_rate,0.0,percentage,2026-05-30T01:18:01.379010
reddit,clean_comment,text_len_mean,149.00877192982455,characters,2026-05-30T01:18:01.379010
reddit,clean_comment,text_len_median,91.0,characters,2026-05-30T01:18:01.379010
reddit,clean_comment,text_len_min,3.0,characters,2026-05-30T01:18:01.379010
reddit,clean_comment,text_len_max,1825.0,characters,2026-05-30T01:18:01.379010
reddit,raw_comment,text_len_mean,154.60087719298247,characters,2026-05-30T01:18:01.379010
reddit,raw_comment,text_len_median,95.0,characters,2026-05-30T01:18:01.379010
reddit,raw_comment,text_len_min,3.0,characters,2026-05-30T01:18:01.379010
reddit,raw_comment,text_len_max,1885.0,characters,2026-05-30T01:18:01.379010
reddit,ingested_at,ingestion_days,1.0,days,2026-05-30T01:18:01.379010
lastfm_artists,ALL,volume,150.0,count,2026-05-30T01:18:01.379010
lastfm_artists,name,null_rate,0.0,percentage,2026-05-30T01:18:01.379010
lastfm_artists,name_tokens,null_rate,0.0,percentage,2026-05-30T01:18:01.379010
lastfm_artists,playcount,null_rate,0.0,percentage,2026-05-30T01:18:01.379010
lastfm_artists,listeners,null_rate,0.0,percentage,2026-05-30T01:18:01.379010
lastfm_artists,mbid,null_rate,0.0,percentage,2026-05-30T01:18:01.379010
lastfm_artists,ingested_at,null_rate,0.0,percentage,2026-05-30T01:18:01.379010
lastfm_artists,ALL,schema_compliance,100.0,percentage,2026-05-30T01:18:01.379010
lastfm_artists,playcount,outlier_rate,4.0,percentage,2026-05-30T01:18:01.379010
lastfm_artists,listeners,outlier_rate,0.0,percentage,2026-05-30T01:18:01.379010
lastfm_artists,name,text_len_mean,10.64,characters,2026-05-30T01:18:01.379010
lastfm_artists,name,text_len_median,10.0,characters,2026-05-30T01:18:01.379010
lastfm_artists,name,text_len_min,3.0,characters,2026-05-30T01:18:01.379010
lastfm_artists,name,text_len_max,18.0,characters,2026-05-30T01:18:01.379010
lastfm_artists,ingested_at,ingestion_days,3.0,days,2026-05-30T01:18:01.379010
lastfm_tracks,ALL,volume,151.0,count,2026-05-30T01:18:01.379010
lastfm_tracks,name,null_rate,0.0,percentage,2026-05-30T01:18:01.379010
lastfm_tracks,name_tokens,null_rate,0.0,percentage,2026-05-30T01:18:01.379010
lastfm_tracks,duration_sec,null_rate,0.0,percentage,2026-05-30T01:18:01.379010
lastfm_tracks,playcount,null_rate,0.0,percentage,2026-05-30T01:18:01.379010
lastfm_tracks,listeners,null_rate,0.0,percentage,2026-05-30T01:18:01.379010
lastfm_tracks,mbid,null_rate,0.0,percentage,2026-05-30T01:18:01.379010
lastfm_tracks,artist_name,null_rate,0.0,percentage,2026-05-30T01:18:01.379010
lastfm_tracks,artist_name_tokens,null_rate,0.0,percentage,2026-05-30T01:18:01.379010
lastfm_tracks,artist_mbid,null_rate,0.0,percentage,2026-05-30T01:18:01.379010
lastfm_tracks,ingested_at,null_rate,0.0,percentage,2026-05-30T01:18:01.379010
lastfm_tracks,ALL,schema_compliance,100.0,percentage,2026-05-30T01:18:01.379010
lastfm_tracks,playcount,outlier_rate,1.9868,percentage,2026-05-30T01:18:01.379010
lastfm_tracks,listeners,outlier_rate,0.0,percentage,2026-05-30T01:18:01.379010
lastfm_tracks,duration_sec,outlier_rate,5.9603,percentage,2026-05-30T01:18:01.379010
lastfm_tracks,name,text_len_mean,12.516556291390728,characters,2026-05-30T01:18:01.379010
lastfm_tracks,name,text_len_median,11.0,characters,2026-05-30T01:18:01.379010
lastfm_tracks,name,text_len_min,3.0,characters,2026-05-30T01:18:01.379010
lastfm_tracks,name,text_len_max,32.0,characters,2026-05-30T01:18:01.379010
lastfm_tracks,artist_name,text_len_mean,10.218543046357615,characters,2026-05-30T01:18:01.379010
lastfm_tracks,artist_name,text_len_median,11.0,characters,2026-05-30T01:18:01.379010
lastfm_tracks,artist_name,text_len_min,3.0,characters,2026-05-30T01:18:01.379010
lastfm_tracks,artist_name,text_len_max,18.0,characters,2026-05-30T01:18:01.379010
lastfm_tracks,ingested_at,ingestion_days,3.0,days,2026-05-30T01:18:01.379010
